City_ID,City,Country,Date,Lat,Lng,Max Temp,Humidity,Cloudiness,Wind Speed
0,Vaini,TO,2022-01-30 06:25:59,-21.2,-175.2,81.45,77,95,12.71
1,Port Elizabeth,ZA,2022-01-30 06:26:00,-33.918,25.5701,72.1,78,0,4.61
2,Robertson,US,2022-01-30 06:26:00,36.5167,-86.8667,31.77,55,100,6.91
3,Erdenet,MN,2022-01-30 06:26:00,49.0333,104.0833,4.5,81,45,3.94
4,Punta Arenas,CL,2022-01-30 06:22:47,-53.15,-70.9167,44.71,70,0,13.8
5,North Bend,US,2022-01-30 06:26:00,43.4065,-124.2243,46.13,98,75,4.61
6,Georgetown,MY,2022-01-30 06:24:29,5.4112,100.3354,93.13,67,20,1.01
7,Tongchuan,CN,2022-01-30 06:26:01,35.0806,109.0897,35.91,68,19,1.48
8,Iqaluit,CA,2022-01-30 06:26:01,63.7506,-68.5145,-15.07,70,20,3.44
9,Hermanus,ZA,2022-01-30 06:26:01,-34.4187,19.2345,71.91,77,14,13.29
10,Albany,US,2022-01-30 06:26:02,42.6001,-73.9662,5.81,53,100,14.0
11,Araouane,ML,2022-01-30 06:26:02,18.9048,-3.5265,66.33,14,52,13.38
12,Fairbanks,US,2022-01-30 06:26:02,64.8378,-147.7164,-21.98,71,0,3.44
13,Bluff,NZ,2022-01-30 06:26:02,-46.6,168.3333,64.8,90,100,8.7
14,Qaanaaq,GL,2022-01-30 06:26:03,77.484,-69.3632,-7.38,84,99,7.14
15,Sokolo,ML,2022-01-30 06:26:03,14.7328,-6.1219,69.66,17,16,13.11
16,Kolosovka,RU,2022-01-30 06:26:03,56.4678,73.611,8.15,86,100,10.65
17,Nome,US,2022-01-30 06:26:03,64.5011,-165.4064,-3.84,65,0,0.0
18,Saskylakh,RU,2022-01-30 06:26:04,71.9167,114.0833,-19.61,100,99,3.24
19,Ushuaia,AR,2022-01-30 06:24:53,-54.8,-68.3,42.46,93,75,4.61
20,Mollendo,PE,2022-01-30 06:26:04,-17.0231,-72.0147,67.95,84,40,2.44
21,Tezu,IN,2022-01-30 06:26:04,27.9167,96.1667,68.86,29,0,4.32
22,Maarianhamina,AX,2022-01-30 06:26:04,60.0973,19.9348,31.86,93,100,24.16
23,Nouadhibou,MR,2022-01-30 06:26:05,20.931,-17.0347,62.58,82,100,14.97
24,Mataura,NZ,2022-01-30 06:26:05,-46.1927,168.8643,64.47,89,100,2.82
25,Kibre Mengist,ET,2022-01-30 06:26:05,5.8833,38.9833,67.33,24,88,4.09
26,Rikitea,PF,2022-01-30 06:26:05,-23.1203,-134.9692,76.86,65,94,6.62
27,Norman Wells,CA,2022-01-30 06:26:06,65.282,-126.8329,-25.56,68,40,4.61
28,Lazaro Cardenas,MX,2022-01-30 06:26:06,17.9583,-102.2,72.81,80,0,4.52
29,Sao Filipe,CV,2022-01-30 06:26:06,14.8961,-24.4956,70.2,74,82,12.17
30,Norfolk,US,2022-01-30 06:26:07,42.1668,-71.2495,13.03,86,0,1.01
31,Harper,LR,2022-01-30 06:26:07,4.375,-7.7169,77.0,88,30,2.68
32,Esperance,AU,2022-01-30 06:26:07,-33.8667,121.9,94.84,47,2,17.6
33,Kaseda,JP,2022-01-30 06:26:07,31.4167,130.3167,49.23,56,100,13.6
34,Terney,RU,2022-01-30 06:26:08,45.0503,136.6092,11.95,53,3,13.18
35,Soldotna,US,2022-01-30 06:26:08,60.4878,-151.0583,21.22,92,0,6.91
36,Akyab,MM,2022-01-30 06:26:08,20.15,92.9,71.96,42,0,11.05
37,Nouakchott,MR,2022-01-30 06:26:08,18.0858,-15.9785,66.13,56,99,12.59
38,Orshanka,RU,2022-01-30 06:26:09,56.9161,47.8933,11.14,96,97,7.14
39,East London,ZA,2022-01-30 06:26:09,-33.0153,27.9116,74.34,78,0,4.61
40,Tiksi,RU,2022-01-30 06:26:09,71.6872,128.8694,-10.89,98,49,1.21
41,Port Alfred,ZA,2022-01-30 06:26:10,-33.5906,26.891,74.52,70,7,8.5
42,Bredasdorp,ZA,2022-01-30 06:26:10,-34.5322,20.0403,71.28,78,61,12.66
43,Mahebourg,MU,2022-01-30 06:26:10,-20.4081,57.7,86.25,70,75,12.66
44,Loubomo,CG,2022-01-30 06:26:10,-4.1997,12.6739,71.74,97,89,1.34
45,Hobart,AU,2022-01-30 06:26:11,-42.8794,147.3294,80.02,56,20,1.01
46,Castro,BR,2022-01-30 06:26:11,-24.7911,-50.0119,61.16,99,100,4.72
47,Moose Factory,CA,2022-01-30 06:25:59,51.2585,-80.6094,-7.6,84,100,5.75
48,New Norfolk,AU,2022-01-30 06:27:11,-42.7826,147.0587,79.66,35,1,4.0
49,Kodiak,US,2022-01-30 06:27:12,57.79,-152.4072,27.91,69,0,17.27
50,Berezovka,BY,2022-01-30 06:27:12,53.7214,25.4993,34.05,95,100,19.46
51,Busselton,AU,2022-01-30 06:27:12,-33.65,115.3333,91.09,40,2,16.28
52,Kloulklubed,PW,2022-01-30 06:27:12,7.0419,134.2556,84.7,67,60,14.03
53,Barrow,US,2022-01-30 06:27:13,71.2906,-156.7887,-5.78,77,100,11.5
54,Cape Town,ZA,2022-01-30 06:27:06,-33.9258,18.4232,73.11,65,0,7.0
55,Kavieng,PG,2022-01-30 06:27:13,-2.5744,150.7967,82.02,77,100,6.93
56,Longyearbyen,SJ,2022-01-30 06:27:13,78.2186,15.6401,8.44,61,20,17.27
57,Atuona,PF,2022-01-30 06:27:13,-9.8,-139.0333,77.92,76,18,15.01
58,Geraldton,AU,2022-01-30 06:27:14,-28.7667,114.6,86.41,54,0,17.27
59,Dunedin,NZ,2022-01-30 06:27:14,-45.8742,170.5036,58.37,94,100,1.79
60,Zapolyarnyy,RU,2022-01-30 06:27:14,69.4154,30.8136,0.68,100,89,2.57
61,Miri,MY,2022-01-30 06:27:15,4.4148,114.0089,77.14,94,40,3.44
62,Neuquen,AR,2022-01-30 06:25:52,-38.9516,-68.0591,71.49,26,0,11.5
63,Mercedes,AR,2022-01-30 06:27:15,-34.6515,-59.4307,69.85,77,40,8.19
64,Dudinka,RU,2022-01-30 06:27:15,69.4058,86.1778,-0.38,94,100,14.07
65,Camopi,GF,2022-01-30 06:27:15,3.1655,-52.3158,70.0,100,100,1.92
66,Santa Marta,CO,2022-01-30 06:27:16,11.2408,-74.199,79.9,59,43,11.99
67,Arraial Do Cabo,BR,2022-01-30 06:27:16,-22.9661,-42.0278,75.42,94,100,7.92
68,Ponta Do Sol,PT,2022-01-30 06:27:16,32.6667,-17.1,61.43,35,2,6.91
69,Hilo,US,2022-01-30 06:22:34,19.7297,-155.09,69.8,79,75,5.75
70,Carnarvon,AU,2022-01-30 06:27:17,-24.8667,113.6333,86.07,62,61,18.41
71,Anadyr,RU,2022-01-30 06:27:17,64.75,177.4833,-8.9,77,100,0.0
72,Cherskiy,RU,2022-01-30 06:27:17,68.75,161.3,-25.19,100,100,2.37
73,Kastamonu,TR,2022-01-30 06:27:17,41.5,33.6667,21.22,94,93,1.74
74,Caernarfon,GB,2022-01-30 06:27:18,53.1413,-4.2702,41.68,48,50,5.75
75,Deputatskiy,RU,2022-01-30 06:27:18,69.3,139.9,-22.74,100,89,3.02
76,Yellowknife,CA,2022-01-30 06:24:01,62.456,-114.3525,-16.58,82,20,8.05
77,Puerto Escondido,MX,2022-01-30 06:27:18,15.85,-97.0667,74.89,60,0,6.38
78,Butaritari,KI,2022-01-30 06:27:18,3.0707,172.7902,82.54,74,38,15.66
79,San Matias,BO,2022-01-30 06:27:19,-16.3667,-58.4,72.61,97,100,3.33
80,Berlevag,NO,2022-01-30 06:27:19,70.8578,29.0864,27.23,76,99,8.59
81,Cabo San Lucas,MX,2022-01-30 06:25:06,22.8909,-109.9124,70.52,73,6,8.37
82,Jamestown,US,2022-01-30 06:25:43,42.097,-79.2353,6.39,51,0,8.05
83,Urumqi,CN,2022-01-30 06:22:25,43.801,87.6005,2.35,85,100,4.47
84,Anlu,CN,2022-01-30 06:27:19,31.1661,112.5831,45.0,54,24,2.13
85,Namibe,AO,2022-01-30 06:27:20,-15.1961,12.1522,70.56,76,100,3.33
86,Flinders,AU,2022-01-30 06:27:20,-34.5833,150.8552,83.8,74,81,6.85
87,Mount Gambier,AU,2022-01-30 06:27:20,-37.8333,140.7667,80.51,54,41,10.36
88,Luderitz,NA,2022-01-30 06:27:20,-26.6481,15.1594,65.25,85,14,10.29
89,Mar Del Plata,AR,2022-01-30 06:27:21,-38.0023,-57.5575,71.1,85,0,5.99
90,Santander,ES,2022-01-30 06:23:45,43.4647,-3.8044,42.6,71,100,5.01
91,Ngunguru,NZ,2022-01-30 06:27:21,-35.6167,174.5,70.16,68,71,8.03
92,Laguna,US,2022-01-30 06:27:21,38.421,-121.4238,53.4,84,0,3.44
93,Matamoros,MX,2022-01-30 06:27:21,25.5333,-103.25,50.11,55,4,2.19
94,Kapaa,US,2022-01-30 06:27:22,22.0752,-159.319,73.38,72,0,3.44
95,Fort Saint James,CA,2022-01-30 06:28:22,54.4333,-124.25,12.54,100,71,1.66
96,Hun,LY,2022-01-30 06:28:22,29.1268,15.9477,44.1,79,5,12.91
97,Raudeberg,NO,2022-01-30 06:28:22,61.9875,5.1352,36.27,67,97,5.99
98,La Gomera,GT,2022-01-30 06:28:23,14.0833,-91.05,75.27,70,9,5.61
99,Yumen,CN,2022-01-30 06:28:23,40.2833,97.2,21.69,37,0,8.55
100,Dwarka,IN,2022-01-30 06:28:23,22.2394,68.9678,72.93,47,1,4.88
101,Ribeira Grande,PT,2022-01-30 06:28:23,38.5167,-28.7,58.62,76,66,16.04
102,Kaura Namoda,NG,2022-01-30 06:28:24,12.5898,6.5779,58.93,16,18,12.46
103,Olinda,BR,2022-01-30 06:28:24,-8.0089,-34.8553,80.33,78,75,5.75
104,Sarahan,IN,2022-01-30 06:28:24,31.5167,77.8,44.91,39,0,4.81
105,Shache,CN,2022-01-30 06:28:24,38.4167,77.2406,35.64,30,13,5.64
106,Klaksvik,FO,2022-01-30 06:28:25,62.2266,-6.589,32.92,73,100,15.68
107,Hyeres,FR,2022-01-30 06:28:25,43.1167,6.1167,40.75,81,0,6.91
108,Marau,BR,2022-01-30 06:27:39,-28.4492,-52.2,60.33,88,83,5.53
109,Ballina,AU,2022-01-30 06:28:25,-28.8667,153.5667,82.58,78,100,12.66
110,Upernavik,GL,2022-01-30 06:28:26,72.7868,-56.1549,-3.46,99,100,7.0
111,Aban,RU,2022-01-30 06:28:26,56.67,96.06,4.8,90,100,3.42
112,Salalah,OM,2022-01-30 06:28:26,17.0151,54.0924,76.1,40,92,0.83
113,Bengkulu,ID,2022-01-30 06:28:27,-3.8004,102.2655,84.58,70,99,10.58
114,Thompson,CA,2022-01-30 06:26:33,55.7435,-97.8558,-7.44,77,100,2.3
115,Te Anau,NZ,2022-01-30 06:28:27,-45.4167,167.7167,65.1,74,100,2.28
116,Asau,RO,2022-01-30 06:28:27,46.4333,26.4,37.76,73,95,11.14
117,Cayenne,GF,2022-01-30 06:28:27,4.9333,-52.3333,78.1,87,40,4.0
118,Hede,CN,2022-01-30 06:28:28,33.7681,120.2517,44.06,32,56,8.16
119,Bathsheba,BB,2022-01-30 06:28:28,13.2167,-59.5167,76.06,70,10,13.91
120,Eureka,US,2022-01-30 06:28:12,40.8021,-124.1637,48.92,92,10,1.01
121,Torrington,US,2022-01-30 06:28:28,41.8007,-73.1212,9.14,62,96,4.0
122,Chuy,UY,2022-01-30 06:28:29,-33.6971,-53.4616,63.16,82,18,4.85
123,Sitka,US,2022-01-30 06:28:29,57.0531,-135.33,33.69,86,75,9.22
124,Adrar,MR,2022-01-30 06:26:01,20.5022,-10.0711,67.28,15,98,11.59
125,Katsuura,JP,2022-01-30 06:28:29,35.1333,140.3,49.19,47,93,7.4
126,Tabuk,PH,2022-01-30 06:28:30,17.4189,121.4443,72.64,93,72,11.16
127,Aykhal,RU,2022-01-30 06:28:30,66.0,111.5,-15.0,99,24,5.17
128,Kaitangata,NZ,2022-01-30 06:28:30,-46.2817,169.8464,58.5,91,100,0.25
129,Varberg,SE,2022-01-30 06:28:30,57.1056,12.2508,46.4,53,41,35.54
130,Luang Prabang,LA,2022-01-30 06:28:31,19.8856,102.1347,82.36,42,20,6.91
131,Airai,TL,2022-01-30 06:28:31,-8.9266,125.4092,68.61,71,100,5.66
132,Jati,PK,2022-01-30 06:28:31,24.3539,68.2671,76.1,53,0,9.06
133,Mandalgovi,MN,2022-01-30 06:23:52,45.7625,106.2708,6.71,57,45,21.65
134,Lebu,CL,2022-01-30 06:28:32,-37.6167,-73.65,55.4,90,25,7.2
135,Ossora,RU,2022-01-30 06:28:32,59.2353,163.0719,18.73,93,100,25.59
136,Caravelas,BR,2022-01-30 06:28:32,-17.7125,-39.2481,75.2,88,38,7.52
137,Acapulco,MX,2022-01-30 06:25:05,16.8634,-99.8901,78.62,83,40,4.61
138,Sao Felix Do Xingu,BR,2022-01-30 06:28:32,-6.6447,-51.995,69.3,98,100,1.16
139,Hambantota,LK,2022-01-30 06:28:33,6.1241,81.1185,89.94,66,75,4.61
140,Codrington,AU,2022-01-30 06:28:33,-38.2667,141.9667,70.16,79,92,12.8
141,Mehamn,NO,2022-01-30 06:28:33,71.0357,27.8492,20.73,91,87,7.63
142,Vangaindrano,MG,2022-01-30 06:29:33,-23.35,47.6,80.73,64,1,3.91
143,Safranbolu,TR,2022-01-30 06:29:34,41.2508,32.6942,24.53,92,73,2.39
144,Coihaique,CL,2022-01-30 06:25:59,-45.5752,-72.0662,46.35,76,100,6.91
145,Kahului,US,2022-01-30 06:29:34,20.8947,-156.47,73.85,70,20,6.91
146,Kodinsk,RU,2022-01-30 06:29:34,58.6881,99.1844,7.68,89,100,2.3
147,Damaturu,NG,2022-01-30 06:29:34,11.747,11.9608,55.31,45,57,8.66
148,Maromitsa,RU,2022-01-30 06:29:35,59.8683,48.0123,7.9,96,96,5.08
149,Guerrero Negro,MX,2022-01-30 06:29:35,27.9769,-114.0611,60.66,69,31,12.84
150,Warrnambool,AU,2022-01-30 06:29:35,-38.3833,142.4833,68.95,84,93,14.7
151,Naze,JP,2022-01-30 06:29:36,28.3667,129.4833,56.32,78,100,17.22
152,Dikson,RU,2022-01-30 06:29:36,73.5069,80.5464,6.49,95,100,15.46
153,Sorland,NO,2022-01-30 06:29:36,67.667,12.6934,36.48,54,90,27.31
154,Mackay,AU,2022-01-30 06:29:36,-21.15,149.2,86.68,74,100,16.11
155,Ambon,ID,2022-01-30 06:29:37,-3.6954,128.1814,91.54,58,40,9.22
156,Izhma,RU,2022-01-30 06:29:37,65.0083,53.9113,15.42,93,100,8.34
157,Bambous Virieux,MU,2022-01-30 06:29:37,-20.3428,57.7575,86.22,70,75,12.66
158,Hithadhoo,MV,2022-01-30 06:29:37,-0.6,73.0833,81.54,67,75,4.12
159,Banff,CA,2022-01-30 06:29:38,51.1762,-115.5698,28.78,59,100,10.36
160,Lavrentiya,RU,2022-01-30 06:29:38,65.5833,-171.0,-3.51,88,19,4.63
161,Vengerovo,RU,2022-01-30 06:29:38,55.6848,76.7471,7.0,87,100,10.51
162,Mount Isa,AU,2022-01-30 06:29:38,-20.7333,139.5,85.77,62,75,16.11
163,Urubicha,BO,2022-01-30 06:29:39,-15.3833,-62.95,69.69,98,95,0.36
164,Tuktoyaktuk,CA,2022-01-30 06:29:39,69.4541,-133.0374,-4.0,77,75,18.41
165,Bambanglipuro,ID,2022-01-30 06:29:40,-7.95,110.2833,85.06,69,81,8.5
166,Bethel,US,2022-01-30 06:29:40,41.3712,-73.414,12.04,53,0,6.91
167,Acajutla,SV,2022-01-30 06:29:40,13.5928,-89.8275,74.8,57,32,12.66
168,Fortuna,US,2022-01-30 06:29:40,40.5982,-124.1573,48.65,95,100,1.01
169,Namatanai,PG,2022-01-30 06:29:41,-3.6667,152.4333,82.92,75,100,5.97
170,Port Lincoln,AU,2022-01-30 06:29:41,-34.7333,135.8667,74.07,63,3,10.76
171,Taoudenni,ML,2022-01-30 06:29:41,22.6783,-3.9836,68.05,17,99,10.42
172,Faanui,PF,2022-01-30 06:29:42,-16.4833,-151.75,80.74,70,100,5.23
173,Boyolangu,ID,2022-01-30 06:29:42,-8.1181,111.8935,84.54,72,92,7.16
174,Nikolskoye,RU,2022-01-30 06:29:43,59.7035,30.7861,28.87,93,100,14.47
175,Tasiilaq,GL,2022-01-30 06:29:43,65.6145,-37.6368,8.76,65,91,10.0
176,Buchanan,LR,2022-01-30 06:29:43,5.8808,-10.0467,75.16,89,30,4.83
177,Havre-Saint-Pierre,CA,2022-01-30 06:29:43,50.2334,-63.5986,17.6,85,100,17.27
178,Changping,CN,2022-01-30 06:29:44,40.2186,116.2197,35.24,34,9,4.21
179,Cidreira,BR,2022-01-30 06:29:44,-30.1811,-50.2056,71.55,65,15,12.21
180,Joshimath,IN,2022-01-30 06:29:44,30.5667,79.5667,55.4,33,0,4.32
181,Burnie,AU,2022-01-30 06:29:44,-41.0667,145.9167,72.95,69,4,6.89
182,Stokmarknes,NO,2022-01-30 06:29:45,68.5646,14.9108,28.49,75,100,2.26
183,Lora Del Rio,ES,2022-01-30 06:29:45,37.659,-5.5275,51.6,27,40,8.1
184,Zhigansk,RU,2022-01-30 06:29:45,66.7697,123.3711,-25.55,99,96,5.57
185,Santa Fe,AR,2022-01-30 06:29:45,-31.6333,-60.7,70.99,72,0,1.99
186,Santa Cruz,BO,2022-01-30 06:30:04,-17.8,-63.1667,72.86,94,20,2.3
187,Cap Malheureux,MU,2022-01-30 06:30:46,-19.9842,57.6142,86.47,60,48,7.0
188,Portland,US,2022-01-30 06:26:11,45.5234,-122.6762,42.37,77,0,8.01
189,Manokwari,ID,2022-01-30 06:30:46,-0.8667,134.0833,80.94,78,100,5.61
190,Nishihara,JP,2022-01-30 06:30:06,26.1842,127.7558,64.06,94,100,14.97
191,Pacific Grove,US,2022-01-30 06:30:46,36.6177,-121.9166,53.31,84,0,11.01
192,Jalu,LY,2022-01-30 06:30:47,29.0331,21.5482,52.2,64,100,8.37
193,Saint-Philippe,RE,2022-01-30 06:30:47,-21.3585,55.7679,85.59,74,24,11.41
194,Ekhabi,RU,2022-01-30 06:30:47,53.5102,142.9671,-4.25,94,100,6.69
195,Severo-Kurilsk,RU,2022-01-30 06:30:48,50.6789,156.125,25.56,92,100,16.13
196,Narsaq,GL,2022-01-30 06:30:48,60.9167,-46.05,8.82,78,91,6.67
197,Marsa Matruh,EG,2022-01-30 06:30:48,31.3525,27.2453,51.37,64,13,20.94
198,Grand-Santi,GF,2022-01-30 06:30:48,4.25,-54.3833,69.26,100,99,1.88
199,Leo,BF,2022-01-30 06:30:49,11.1,-2.1,68.14,19,0,10.69
200,Alibag,IN,2022-01-30 06:30:49,18.6411,72.8792,86.07,38,5,6.71
201,Bridlington,GB,2022-01-30 06:30:49,54.0831,-0.1919,39.88,78,25,8.99
202,San Quintin,MX,2022-01-30 06:30:50,30.4833,-115.95,57.79,78,0,7.31
203,Yambio,SS,2022-01-30 06:30:50,4.5721,28.3955,78.13,17,5,8.3
204,Eyl,SO,2022-01-30 06:30:50,7.9803,49.8164,81.36,54,98,18.25
205,Estancia,BR,2022-01-30 06:30:50,-11.2683,-37.4383,80.08,81,100,3.89
206,Levelland,US,2022-01-30 06:30:51,33.5873,-102.378,42.96,22,7,9.82
207,Inhambane,MZ,2022-01-30 06:30:51,-23.865,35.3833,82.38,65,40,7.74
208,Linxia,CN,2022-01-30 06:30:51,35.6003,103.2064,24.69,60,47,3.94
209,Ulaangom,MN,2022-01-30 06:30:52,49.9811,92.0667,-14.03,95,94,3.31
210,Alugan,PH,2022-01-30 06:30:52,12.2188,125.4808,82.65,75,20,7.38
211,Kitimat,CA,2022-01-30 06:30:52,54.0524,-128.6534,37.9,31,100,3.94
212,Tumaco,CO,2022-01-30 06:30:52,1.7986,-78.8156,74.21,90,94,2.62
213,Belle Fourche,US,2022-01-30 06:30:53,44.6714,-103.8522,35.51,26,20,4.94
214,Broken Hill,AU,2022-01-30 06:30:53,-31.95,141.4333,92.91,36,40,14.97
215,Avera,US,2022-01-30 06:30:53,33.194,-82.5271,30.07,36,1,5.84
216,Nuevitas,CU,2022-01-30 06:30:53,21.5453,-77.2644,63.84,66,100,11.7
217,Kedrovyy,RU,2022-01-30 06:30:54,56.1667,91.8167,0.01,80,39,3.02
218,Rawlins,US,2022-01-30 06:30:08,41.7911,-107.2387,32.22,36,0,10.36
219,Anloga,GH,2022-01-30 06:30:54,5.7947,0.8973,71.82,73,100,4.56
220,Tiarei,PF,2022-01-30 06:30:54,-17.5333,-149.3333,78.82,74,69,7.38
221,Steinbach,DE,2022-01-30 06:30:54,50.1667,8.5667,44.6,63,75,13.8
222,Clacton-On-Sea,GB,2022-01-30 06:30:55,51.7897,1.156,38.97,87,7,3.0
223,Kirakira,SB,2022-01-30 06:30:55,-10.4544,161.9205,81.97,84,100,7.52
224,Santa Cruz Del Sur,CU,2022-01-30 06:30:55,20.7147,-77.9956,65.88,69,100,14.58
225,Sola,VU,2022-01-30 06:30:56,-13.8833,167.55,82.4,80,100,17.25
226,Dubno,UA,2022-01-30 06:30:56,50.4169,25.7343,36.9,89,100,21.05
227,Haines Junction,CA,2022-01-30 06:27:14,60.7522,-137.5108,8.55,85,98,4.61
228,Kaeo,NZ,2022-01-30 06:31:56,-35.1,173.7833,70.32,73,100,10.04
229,Saint George,US,2022-01-30 06:28:30,37.1041,-113.5841,48.34,32,0,4.61
230,Lorengau,PG,2022-01-30 06:31:56,-2.0226,147.2712,81.64,77,100,10.78
231,Lompoc,US,2022-01-30 06:31:57,34.6391,-120.4579,56.19,81,0,4.61
232,Mangan,IN,2022-01-30 06:31:57,27.5167,88.5333,60.73,58,70,7.4
233,Nanakuli,US,2022-01-30 06:31:57,21.3906,-158.1547,73.71,64,0,4.61
234,Nabire,ID,2022-01-30 06:31:58,-3.3667,135.4833,80.11,87,100,5.26
235,Vestmannaeyjar,IS,2022-01-30 06:31:58,63.4427,-20.2734,38.37,84,100,23.24
236,San Patricio,US,2022-01-30 06:31:58,28.017,-97.5169,55.24,64,0,7.16
237,Upland,US,2022-01-30 06:29:56,34.0975,-117.6484,56.82,37,0,5.75
238,Lensk,RU,2022-01-30 06:31:58,60.7253,114.9278,0.63,93,93,5.12
239,Buraydah,SA,2022-01-30 06:31:59,26.326,43.975,50.45,34,0,11.56
240,Ostrovnoy,RU,2022-01-30 06:31:59,68.0531,39.5131,19.49,92,100,10.58
241,Zlotoryja,PL,2022-01-30 06:31:59,51.1264,15.9198,40.17,76,100,33.64
242,Tura,IN,2022-01-30 06:32:00,25.5198,90.2201,68.67,35,27,5.14
243,Virginia Beach,US,2022-01-30 06:27:49,36.8529,-75.978,25.02,50,0,16.11
244,Mahajanga,MG,2022-01-30 06:32:00,-15.7167,46.3167,87.82,62,20,4.61
245,Biltine,TD,2022-01-30 06:32:00,14.5333,20.9167,61.84,19,2,11.72
246,Nanortalik,GL,2022-01-30 06:32:01,60.1432,-45.2371,12.9,89,100,9.33
247,Venezuela,VE,2022-01-30 06:32:01,8.0,-66.0,74.44,74,9,14.5
248,Pachora,IN,2022-01-30 06:32:01,20.6667,75.35,80.67,18,0,2.91
249,Jiujiang,CN,2022-01-30 06:32:01,29.7333,115.9833,42.76,65,99,5.68
250,Hovd,MN,2022-01-30 06:32:02,48.0056,91.6419,-4.41,82,23,3.47
251,Kisangani,CD,2022-01-30 06:32:02,0.5167,25.2,79.68,34,28,3.36
252,Acarau,BR,2022-01-30 06:32:02,-2.8856,-40.12,75.22,88,99,6.71
253,Jambi,ID,2022-01-30 06:32:02,-1.6,103.6167,89.28,57,87,5.19
254,Phalombe,MW,2022-01-30 06:32:03,-15.8064,35.6507,74.91,74,0,2.42
255,Sadat,IN,2022-01-30 06:32:03,25.6833,83.2833,68.09,39,0,9.73
256,Ruthin,GB,2022-01-30 06:32:03,53.1137,-3.3178,42.44,89,98,4.07
257,Mogadishu,SO,2022-01-30 06:32:04,2.0371,45.3438,82.27,69,75,18.41
258,Tautira,PF,2022-01-30 06:32:04,-17.7333,-149.15,78.82,77,43,8.97
259,Khatanga,RU,2022-01-30 06:32:04,71.9667,102.5,-19.48,95,99,7.36
260,Vardo,NO,2022-01-30 06:32:05,70.3705,31.1107,26.15,73,91,5.88
261,Gushi,CN,2022-01-30 06:32:05,34.6425,109.5843,41.77,61,38,10.83
262,Lagoa,PT,2022-01-30 06:32:05,39.05,-27.9833,57.54,70,10,17.83
263,Borogontsy,RU,2022-01-30 06:32:05,62.6683,131.1683,-25.73,98,74,1.66
264,Tabou,CI,2022-01-30 06:32:06,4.423,-7.3528,76.19,91,63,4.29
265,Springbok,ZA,2022-01-30 06:32:07,-29.6643,17.8865,81.18,26,0,8.05
266,Victoria,HK,2022-01-30 06:30:11,22.2855,114.1577,68.25,62,55,8.01
267,Krasnoselkup,RU,2022-01-30 06:32:07,65.7,82.4667,-3.41,97,98,8.57
268,Evensk,RU,2022-01-30 06:32:07,61.95,159.2333,21.6,57,98,24.18
269,Sotuta,MX,2022-01-30 06:32:07,20.6,-89.0167,60.82,78,54,3.33
270,Comodoro Rivadavia,AR,2022-01-30 06:29:04,-45.8667,-67.5,58.86,33,0,19.57
271,Rio Gallegos,AR,2022-01-30 06:32:08,-51.6226,-69.2181,42.85,81,0,18.41
272,Zeya,RU,2022-01-30 06:32:08,53.75,127.2667,8.08,67,27,4.27
273,Ust-Tsilma,RU,2022-01-30 06:32:09,65.441,52.1498,12.56,94,97,6.24
274,Chingirlau,KZ,2022-01-30 06:32:09,51.095,54.0814,29.71,93,100,17.58
275,Provideniya,RU,2022-01-30 06:33:09,64.3833,-173.3,4.05,79,8,5.68
276,Alofi,NU,2022-01-30 06:33:09,-19.0595,-169.9187,80.49,83,100,4.61
277,Srednekolymsk,RU,2022-01-30 06:33:10,67.45,153.6833,-28.46,100,75,2.46
278,Cao Bang,VN,2022-01-30 06:33:10,22.6667,106.25,54.68,71,100,4.94
279,Sabang,ID,2022-01-30 06:29:49,5.8933,95.3214,82.13,67,43,7.2
280,Honavar,IN,2022-01-30 06:33:10,14.2833,74.45,91.71,32,7,6.24
281,Jibuti,DJ,2022-01-30 06:28:50,11.5,42.5,74.62,58,85,14.18
282,Monte Alegre De Sergipe,BR,2022-01-30 06:33:11,-10.0272,-37.5622,73.74,67,100,6.62
283,Cockburn Town,TC,2022-01-30 06:33:11,21.4612,-71.1419,76.8,72,18,10.54
284,Faya,SA,2022-01-30 06:33:11,18.3851,42.4509,59.11,45,58,9.31
285,Korla,CN,2022-01-30 06:33:12,41.7597,86.1469,31.42,36,100,4.34
286,Port Hardy,CA,2022-01-30 06:33:12,50.6996,-127.4199,47.75,87,100,20.71
287,Vao,NC,2022-01-30 06:33:12,-22.6667,167.4833,79.95,86,40,16.91
288,Cognac,FR,2022-01-30 06:33:12,45.5,-0.25,41.77,100,100,2.3
289,Watertown,US,2022-01-30 06:33:00,42.3709,-71.1828,13.33,81,0,7.0
290,Leh,IN,2022-01-30 06:33:13,34.1667,77.5833,8.08,80,62,2.06
291,Hami,CN,2022-01-30 06:33:13,42.8,93.45,27.79,32,58,1.32
292,Pemba,MZ,2022-01-30 06:33:13,-12.974,40.5178,78.53,80,39,2.26
293,Pisco,PE,2022-01-30 06:33:14,-13.7,-76.2167,69.85,78,0,5.75
294,Ouadda,CF,2022-01-30 06:33:14,8.0777,22.4007,73.51,15,98,8.9
295,Kautokeino,NO,2022-01-30 06:33:14,69.0125,23.0412,-1.14,93,100,4.21
296,Kavaratti,IN,2022-01-30 06:32:21,10.5669,72.642,81.64,66,67,9.13
297,Kiama,AU,2022-01-30 06:33:15,-34.6833,150.8667,84.99,74,94,7.0
298,Maunabo,PR,2022-01-30 06:33:15,18.0072,-65.8993,70.43,72,0,5.3
299,Springdale,US,2022-01-30 06:33:15,36.1867,-94.1288,40.03,58,0,4.61
300,Benjamin Constant,BR,2022-01-30 06:33:16,-4.3831,-70.0311,75.33,83,100,1.92
301,Santiago De Chuco,PE,2022-01-30 06:33:16,-8.15,-78.1833,47.75,82,81,3.67
302,Vasterhaninge,SE,2022-01-30 06:33:17,59.1167,18.1,31.84,90,100,31.7
303,Teguldet,RU,2022-01-30 06:33:17,57.3064,88.1667,13.84,89,100,2.55
304,Pangnirtung,CA,2022-01-30 06:33:17,66.1451,-65.7125,-9.4,59,100,10.36
305,Ozark,US,2022-01-30 06:33:17,37.0209,-93.206,40.95,56,6,7.09
306,Wanze,BE,2022-01-30 06:33:18,50.5395,5.2092,40.78,93,40,4.61
307,Norrkoping,SE,2022-01-30 06:33:18,58.5942,16.1826,37.4,80,100,19.57
308,Kortkeros,RU,2022-01-30 06:33:19,61.8106,51.5806,5.0,93,100,5.17
309,Teresopolis,BR,2022-01-30 06:33:19,-22.4122,-42.9656,63.14,96,100,2.62
310,Puerto Ayora,EC,2022-01-30 06:32:01,-0.7393,-90.3518,72.91,85,100,5.17
311,Am Timan,TD,2022-01-30 06:33:19,11.0297,20.2827,72.52,16,12,7.96
312,College,US,2022-01-30 06:31:41,64.8569,-147.8028,-21.33,76,0,0.0
313,Avarua,CK,2022-01-30 06:31:09,-21.2078,-159.775,78.85,83,20,8.05
314,Veraval,IN,2022-01-30 06:33:20,20.9,70.3667,77.5,24,0,1.9
315,Tapah,MY,2022-01-30 06:33:20,4.2004,101.2598,93.11,51,32,2.13
316,Bafoulabe,ML,2022-01-30 06:33:20,13.8065,-10.8321,73.85,17,6,3.94
317,Dalvik,IS,2022-01-30 06:33:21,65.9702,-18.5286,33.73,82,100,13.42
318,Half Moon Bay,US,2022-01-30 06:32:50,37.4636,-122.4286,55.02,73,0,0.0
319,Hearst,CA,2022-01-30 06:32:02,49.6835,-83.6665,1.65,96,100,5.08
320,Kaduy,RU,2022-01-30 06:33:21,59.2,37.15,19.44,93,100,10.6
321,Qasigiannguit,GL,2022-01-30 06:34:21,68.8193,-51.1922,7.05,69,100,13.27
322,Kalabo,ZM,2022-01-30 06:34:21,-14.97,22.6814,64.99,96,100,10.69
323,Mailsi,PK,2022-01-30 06:34:22,29.8003,72.1758,72.57,17,0,1.21
324,Shenzhen,CN,2022-01-30 06:34:22,22.5455,114.0683,68.14,69,51,9.22
325,Christchurch,NZ,2022-01-30 06:33:12,-43.5333,172.6333,70.95,62,100,5.01
326,Mayo,US,2022-01-30 06:34:22,38.8876,-76.5119,21.74,51,0,7.0
327,Sobolevo,RU,2022-01-30 06:34:23,54.4299,31.8996,25.59,95,100,17.87
328,Toamasina,MG,2022-01-30 06:34:23,-18.1667,49.3833,84.2,70,75,5.75
329,Vila Velha,BR,2022-01-30 06:34:23,-20.3297,-40.2925,76.95,92,0,2.3
330,Roald,NO,2022-01-30 06:34:24,62.5833,6.1333,37.45,80,75,11.5
331,Skrunda,LV,2022-01-30 06:34:24,56.6833,22.0167,35.26,97,100,14.34
332,Diffa,NE,2022-01-30 06:34:24,13.3154,12.6113,61.27,27,2,11.1
333,Ekuvukeni,ZA,2022-01-30 06:34:24,-28.4675,30.1551,71.8,66,69,0.96
334,Lumeje,AO,2022-01-30 06:34:25,-11.55,20.7833,65.93,92,100,6.22
335,Pastavy,BY,2022-01-30 06:34:25,55.1168,26.8326,33.49,97,100,17.25
336,La Paz,BO,2022-01-30 06:30:03,-16.5,-68.15,44.58,100,100,5.75
337,Hasaki,JP,2022-01-30 06:34:25,35.7333,140.8333,48.29,41,100,6.73
338,Isla Vista,US,2022-01-30 06:34:26,34.4133,-119.861,60.44,52,0,4.61
339,Hauterive,FR,2022-01-30 06:34:26,46.0901,3.4459,41.02,97,100,0.6
340,Honiara,SB,2022-01-30 06:34:26,-9.4333,159.95,82.02,84,100,3.44
341,Hofn,IS,2022-01-30 06:34:26,64.2539,-15.2082,32.41,63,100,3.38
342,Goundam,ML,2022-01-30 06:34:27,16.4145,-3.6708,64.49,17,4,10.63
343,Tuatapere,NZ,2022-01-30 06:31:55,-46.1333,167.6833,63.82,88,100,1.81
344,Kjollefjord,NO,2022-01-30 06:34:27,70.9457,27.3465,25.11,95,96,3.51
345,Yarada,IN,2022-01-30 06:34:27,17.65,83.2667,80.92,47,20,4.61
346,Turkistan,KZ,2022-01-30 06:34:27,43.0,68.0,36.64,45,0,6.78
347,Old Town,CZ,2022-01-30 06:34:28,50.087,14.4202,43.47,61,75,18.01
348,Marsh Harbour,BS,2022-01-30 06:34:28,26.5412,-77.0636,59.76,63,100,19.51
349,Punta Alta,AR,2022-01-30 06:33:54,-38.8759,-62.0736,77.09,48,100,24.56
350,Chaoyang,CN,2022-01-30 06:34:28,41.5703,120.4586,32.14,18,1,3.06
351,Torbay,CA,2022-01-30 06:31:50,47.6666,-52.7314,51.28,97,100,33.38
352,Getulio Vargas,UY,2022-01-30 06:34:28,-32.6796,-53.5494,60.1,87,9,4.68
353,Emba,KZ,2022-01-30 06:34:29,48.8264,58.1442,18.86,95,100,10.18
354,Mondlo,ZA,2022-01-30 06:34:29,-27.983,30.7177,68.58,72,100,2.24
355,Maur,IN,2022-01-30 06:34:29,30.0833,75.25,68.38,32,6,8.79
356,Havoysund,NO,2022-01-30 06:34:29,70.9963,24.6622,25.68,60,100,14.18
357,Hamilton,US,2022-01-30 06:31:05,39.1834,-84.5333,21.63,72,20,1.01
358,Dingle,PH,2022-01-30 06:34:30,10.9995,122.6711,86.54,65,44,2.42
359,Leningradskiy,RU,2022-01-30 06:34:30,69.3833,178.4167,-7.71,91,100,3.89
360,Sibolga,ID,2022-01-30 06:34:30,1.7427,98.7792,83.48,74,100,5.59
361,Goderich,CA,2022-01-30 06:34:31,43.7501,-81.7165,15.91,79,100,8.05
362,Pevek,RU,2022-01-30 06:31:56,69.7008,170.3133,-12.32,96,100,3.58
363,Constitucion,CL,2022-01-30 06:34:31,-35.3333,-72.4167,56.82,93,11,6.02
364,Chunhuhub,MX,2022-01-30 06:34:31,19.55,-88.6833,56.1,89,5,2.68
365,Los Llanos De Aridane,ES,2022-01-30 06:33:35,28.6585,-17.9182,56.95,72,100,8.05
366,Ust-Kuyga,RU,2022-01-30 06:34:31,70.0167,135.6,-31.22,100,97,7.65
367,Narasannapeta,IN,2022-01-30 06:35:32,18.4167,84.05,78.44,38,6,4.88
368,Bintulu,MY,2022-01-30 06:35:32,3.1667,113.0333,88.21,74,40,8.01
369,Awjilah,LY,2022-01-30 06:35:32,29.1081,21.2869,52.34,63,100,8.88
370,Camacha,PT,2022-01-30 06:35:33,33.0833,-16.3333,58.42,88,20,10.36
371,Goure,NE,2022-01-30 06:35:33,13.9835,10.2704,63.01,19,0,11.18
372,Dickinson,US,2022-01-30 06:32:38,29.4608,-95.0513,52.95,77,0,6.91
373,Panguna,PG,2022-01-30 06:35:33,-6.3164,155.4848,72.93,91,100,1.28
374,Rio Grande,BR,2022-01-30 06:35:33,-32.035,-52.0986,61.95,72,73,11.56
375,Port Hedland,AU,2022-01-30 06:35:34,-20.3167,118.5667,93.25,55,30,24.16
376,Samarai,PG,2022-01-30 06:35:34,-10.6167,150.6667,84.42,69,100,8.37
377,Ulladulla,AU,2022-01-30 06:35:34,-35.35,150.4667,80.76,70,71,8.9
378,Margate,GB,2022-01-30 06:35:35,51.3813,1.3862,38.88,81,5,1.99
379,Paamiut,GL,2022-01-30 06:35:35,61.994,-49.6678,10.76,80,100,9.13
380,Olyka,UA,2022-01-30 06:35:35,50.7186,25.8125,36.93,87,99,22.37
381,Tatawin,TN,2022-01-30 06:35:35,32.9297,10.4518,45.48,89,7,5.03
382,Saint-Francois,FR,2022-01-30 06:31:55,46.4154,3.9054,40.68,93,100,3.44
383,Bonavista,CA,2022-01-30 06:35:36,48.6499,-53.1147,46.4,97,100,34.0
384,Belmonte,BR,2022-01-30 06:35:36,-15.8631,-38.8828,75.7,88,100,6.98
385,Talnakh,RU,2022-01-30 06:35:36,69.4865,88.3972,-0.8,97,100,8.03
386,Ndele,CF,2022-01-30 06:35:37,8.4109,20.6473,73.45,15,94,9.82
387,Nicoya,CR,2022-01-30 06:35:37,10.1483,-85.452,78.35,78,21,7.85
388,Wageningen,NL,2022-01-30 06:35:37,51.9667,5.6667,43.86,83,100,9.22
389,Le Port,RE,2022-01-30 06:34:57,-20.9373,55.2919,86.0,75,48,1.39
390,Kamenka,RU,2022-01-30 06:31:35,51.3223,42.7678,26.67,96,99,6.96
391,Axim,GH,2022-01-30 06:35:37,4.8699,-2.2405,77.14,90,63,3.76
392,Urusha,RU,2022-01-30 06:35:38,54.05,122.9,7.61,63,12,6.85
393,Kenai,US,2022-01-30 06:35:38,60.5544,-151.2583,21.29,92,100,3.44
394,Wadern,DE,2022-01-30 06:35:38,49.5333,6.8833,40.21,90,32,6.96
395,Qeshm,IR,2022-01-30 06:35:38,26.9581,56.2719,71.47,59,0,10.2
396,Zhanakorgan,KZ,2022-01-30 06:35:39,43.9098,67.2495,31.15,60,1,3.76
397,Kailua,US,2022-01-30 06:35:39,21.4022,-157.7394,73.74,75,0,6.91
398,Goroka,PG,2022-01-30 06:35:39,-6.0834,145.3873,67.78,90,100,1.41
399,Saint-Joseph,RE,2022-01-30 06:35:39,-21.3667,55.6167,84.58,71,17,12.3
400,Krutinka,RU,2022-01-30 06:35:40,56.0055,71.5113,5.85,87,100,8.08
401,Ahipara,NZ,2022-01-30 06:31:37,-35.1667,173.1667,69.4,67,100,5.77
402,Plettenberg Bay,ZA,2022-01-30 06:35:40,-34.0527,23.3716,72.5,67,0,4.41
403,Necochea,AR,2022-01-30 06:35:40,-38.5473,-58.7368,72.03,59,9,16.96
404,Capitao Poco,BR,2022-01-30 06:32:56,-1.7464,-47.0594,70.21,99,100,3.24
405,Concordia,AR,2022-01-30 06:35:41,-31.393,-58.0209,68.79,71,0,5.99
406,Nioro,GM,2022-01-30 06:35:41,13.35,-15.75,69.64,30,17,8.48
407,Ixtapa,MX,2022-01-30 06:35:02,20.7,-105.2,69.22,87,0,3.36
408,Homer,US,2022-01-30 06:36:41,59.6425,-151.5483,21.09,81,100,14.97
409,Flin Flon,CA,2022-01-30 06:36:42,54.7682,-101.865,0.73,97,100,5.37
410,Tessalit,ML,2022-01-30 06:34:38,20.1986,1.0114,62.08,17,6,10.76
411,Nantucket,US,2022-01-30 06:36:42,41.2835,-70.0995,19.51,79,20,19.57
412,Svetlaya,RU,2022-01-30 06:36:42,46.5389,138.3297,10.45,56,61,6.8
413,Tilichiki,RU,2022-01-30 06:36:42,60.4667,166.1,18.01,71,94,18.61
414,Marsabit,KE,2022-01-30 06:36:43,2.3284,37.9899,70.41,60,15,16.75
415,Kirovskiy,RU,2022-01-30 06:36:43,45.0917,133.5136,10.83,87,100,7.38
416,Yar-Sale,RU,2022-01-30 06:36:43,66.8333,70.8333,-7.62,97,96,8.97
417,Moron,AR,2022-01-30 06:36:43,-34.6534,-58.6198,74.95,70,0,7.31
418,Inirida,CO,2022-01-30 06:36:44,3.8653,-67.9239,68.25,64,30,2.46
419,Panaba,MX,2022-01-30 06:36:44,21.2833,-88.2667,61.0,74,15,6.6
420,Pochutla,MX,2022-01-30 06:33:47,15.7432,-96.4661,72.82,65,6,2.42
421,Ercis,TR,2022-01-30 06:36:44,39.0287,43.3586,24.4,90,100,1.57
422,Tanout,NE,2022-01-30 06:36:44,14.9709,8.8879,56.37,19,4,16.44
423,Mananara,MG,2022-01-30 06:36:45,-16.1667,49.7667,85.08,62,73,4.45
424,Chokurdakh,RU,2022-01-30 06:36:45,70.6333,147.9167,-26.18,93,56,1.99
425,Beckley,US,2022-01-30 06:36:45,37.7782,-81.1882,10.89,74,40,4.61
426,Whyalla,AU,2022-01-30 06:36:45,-33.0333,137.5833,87.69,42,0,14.97
427,Belaya Gora,RU,2022-01-30 06:36:46,68.5333,146.4167,-23.51,100,86,1.61
428,Boda,CF,2022-01-30 06:36:46,4.3189,17.4695,78.58,18,19,11.7
429,Hoi An,VN,2022-01-30 06:36:46,15.8794,108.335,75.16,82,61,9.37
430,Chapais,CA,2022-01-30 06:35:03,49.7834,-74.8492,-29.42,100,52,3.31
431,Beringovskiy,RU,2022-01-30 06:33:59,63.05,179.3167,-13.32,100,86,2.62
432,Sao Francisco De Assis,BR,2022-01-30 06:36:47,-29.5503,-55.1311,61.95,79,0,7.07
433,Storforshei,NO,2022-01-30 06:36:47,66.4043,14.5233,19.83,97,100,2.04
434,Bilma,NE,2022-01-30 06:36:47,18.6853,12.9164,53.98,28,0,12.37
435,Komsomolskiy,UZ,2022-01-30 06:36:47,40.4272,71.7189,40.42,81,51,4.61
436,Uray,RU,2022-01-30 06:36:48,60.1247,64.7758,5.86,95,100,3.78
437,Cabedelo,BR,2022-01-30 06:36:48,-6.9811,-34.8339,75.87,82,100,9.31
438,Golpayegan,IR,2022-01-30 06:36:48,33.4537,50.2884,30.94,34,0,2.21
439,Ilulissat,GL,2022-01-30 06:33:38,69.2167,-51.1,6.82,51,20,20.71
440,Jaffna,LK,2022-01-30 06:36:24,9.6685,80.0074,79.83,80,39,14.16
441,Thoen,TH,2022-01-30 06:36:49,17.6129,99.2161,86.56,23,4,5.03
442,Vryburg,ZA,2022-01-30 06:36:49,-26.9566,24.7284,67.55,74,100,10.09
443,Santa Isabel Do Rio Negro,BR,2022-01-30 06:36:49,-0.4139,-65.0192,72.05,98,89,2.62
444,Arrifes,PT,2022-01-30 06:36:50,37.7667,-25.7,55.65,72,75,8.05
445,Florianopolis,BR,2022-01-30 06:36:50,-27.6146,-48.5012,70.63,83,75,8.05
446,Batagay-Alyta,RU,2022-01-30 06:36:50,67.8006,130.4114,-21.19,97,74,3.13
447,Bagaha,IN,2022-01-30 06:36:50,27.1,84.0833,65.52,50,0,2.44
448,Shubarshi,KZ,2022-01-30 06:36:51,48.5872,57.1869,22.73,95,95,10.85
449,Cordoba,AR,2022-01-30 06:33:48,-31.4135,-64.1811,64.6,94,0,5.75
450,Sakakah,SA,2022-01-30 06:36:51,29.9697,40.2064,47.77,40,0,12.53
451,Horodnya,UA,2022-01-30 06:36:51,51.8909,31.5974,27.82,96,100,19.13
452,Mahon,ES,2022-01-30 06:36:51,39.8885,4.2658,43.36,100,0,6.91
453,Amilly,FR,2022-01-30 06:36:52,47.9728,2.7719,46.11,96,95,5.82
454,Caimito,CO,2022-01-30 06:37:52,8.8123,-75.4107,71.2,87,100,3.29
455,Amapa,BR,2022-01-30 06:37:52,1.0,-52.0,69.37,100,100,1.66
456,Shumskiy,RU,2022-01-30 06:37:52,54.8318,99.1328,14.58,79,66,2.64
457,Druzhnaya Gorka,RU,2022-01-30 06:37:53,59.2761,30.1425,27.1,95,100,13.53
458,Bonnyville,CA,2022-01-30 06:37:53,54.2668,-110.735,21.0,90,100,6.17
459,Moyale,KE,2022-01-30 06:37:53,3.5167,39.0584,77.95,26,72,12.66
460,Batagay,RU,2022-01-30 06:37:53,67.6333,134.6333,-28.89,97,98,2.93
461,Miraflores,MX,2022-01-30 06:37:54,19.2167,-98.8083,58.03,78,9,0.49
462,Ushibuka,JP,2022-01-30 06:37:54,32.1906,130.0228,49.53,51,100,10.67
463,Bretcu,RO,2022-01-30 06:37:54,46.05,26.3,30.07,91,96,7.25
464,Touros,BR,2022-01-30 06:37:54,-5.1989,-35.4608,76.1,83,100,9.17
465,Kruisfontein,ZA,2022-01-30 06:37:55,-34.0033,24.7314,70.88,53,0,7.54
466,Vondrozo,MG,2022-01-30 06:33:18,-22.8167,47.2833,78.57,63,25,4.41
467,Lata,PT,2022-01-30 06:37:55,40.1629,-8.3327,45.01,48,23,5.5
468,Vaitape,PF,2022-01-30 06:37:55,-16.5167,-151.75,80.74,71,100,5.32
469,San Policarpo,PH,2022-01-30 06:37:56,12.1791,125.5072,82.71,75,28,7.74
470,Benicarlo,ES,2022-01-30 06:37:56,40.4165,0.4271,51.57,41,0,2.46
471,Aklavik,CA,2022-01-30 06:37:56,68.2191,-135.0107,-17.57,94,100,6.51
472,Lamtah,TN,2022-01-30 06:37:56,35.6667,10.8833,50.88,79,0,12.88
473,Conde,BR,2022-01-30 06:37:57,-7.2597,-34.9075,74.66,100,75,4.61
474,Praya,CV,2022-01-30 06:37:57,14.9215,-23.5087,68.54,68,75,14.97
475,Port-Cartier,CA,2022-01-30 06:37:57,50.0334,-66.8654,9.75,93,100,16.49
476,Guanica,PR,2022-01-30 06:37:57,17.9716,-66.908,73.6,88,0,1.01
477,Grand Gaube,MU,2022-01-30 06:37:58,-20.0064,57.6608,87.39,60,59,10.0
478,Tual,ID,2022-01-30 06:37:58,-5.6667,132.75,84.11,74,100,17.43
479,Ivanteyevka,RU,2022-01-30 06:37:58,55.9711,37.9208,25.14,96,100,7.72
480,Bubaque,GW,2022-01-30 06:37:58,11.2833,-15.8333,77.76,50,67,15.28
481,Alexandria,EG,2022-01-30 06:36:31,31.2156,29.9553,48.74,87,40,4.61
482,Kulhudhuffushi,MV,2022-01-30 06:37:59,6.6221,73.07,82.63,71,19,15.01
483,Mackenzie,CA,2022-01-30 06:37:59,55.2999,-123.1698,32.22,86,100,5.75
484,Caraballeda,VE,2022-01-30 06:37:59,10.6112,-66.8522,73.47,76,20,0.0
485,Vestmanna,FO,2022-01-30 06:37:59,62.1564,-7.1664,31.12,80,100,0.0
486,Bereda,ES,2022-01-30 06:38:00,43.2686,-7.5406,35.58,100,6,1.54
487,Taltal,CL,2022-01-30 06:34:56,-25.4,-70.4833,63.55,83,30,2.98
488,Ust-Maya,RU,2022-01-30 06:34:54,60.4167,134.5333,-18.0,96,100,0.74
489,Okha,RU,2022-01-30 06:38:00,53.5739,142.9478,-4.11,94,100,7.23
490,Dhidhdhoo,MV,2022-01-30 06:38:00,6.8833,73.1,82.8,72,23,14.94
491,Padang,ID,2022-01-30 06:36:12,-0.9492,100.3543,87.85,73,100,7.74
492,Vagur,FO,2022-01-30 06:38:01,61.4732,-6.8119,38.59,76,100,17.07
493,Roanne,FR,2022-01-30 06:38:01,46.0,4.0,40.32,98,100,4.18
494,Dzilam Gonzalez,MX,2022-01-30 06:38:01,21.2833,-88.9333,62.56,73,41,5.39
495,Medvezhyegorsk,RU,2022-01-30 06:38:01,62.9167,34.4667,16.72,94,100,9.51
496,Evansville,US,2022-01-30 06:38:02,37.9748,-87.5558,29.17,60,0,3.0
497,Hongjiang,CN,2022-01-30 06:38:02,27.11,109.9956,43.88,70,100,4.83
498,Yartsevo,RU,2022-01-30 06:38:02,55.0667,32.6964,24.31,94,100,13.82
499,Sao Miguel Do Araguaia,BR,2022-01-30 06:38:03,-13.275,-50.1628,69.75,96,100,4.94
500,Monkey Bay,MW,2022-01-30 06:39:03,-14.0728,34.9201,76.62,75,12,6.82
501,Northam,GB,2022-01-30 06:39:03,51.0333,-4.2167,41.31,83,21,2.01
502,Riyadh,SA,2022-01-30 06:39:03,24.6877,46.7219,51.85,50,0,10.36
503,Grand Baie,MU,2022-01-30 06:39:04,-20.0182,57.5802,87.46,60,34,10.0
504,Broome,US,2022-01-30 06:39:04,42.2506,-75.833,7.2,82,0,4.0
505,Gimli,CA,2022-01-30 06:39:04,50.6336,-96.9907,-2.18,84,95,6.91
506,Pathein,MM,2022-01-30 06:39:05,16.7833,94.7333,82.13,38,5,14.45
507,Okato,NZ,2022-01-30 06:39:05,-39.2,173.8833,68.68,78,0,9.37
508,Saint-Michel-Des-Saints,CA,2022-01-30 06:39:05,46.6834,-73.9159,-1.41,82,100,8.34
509,Rovaniemi,FI,2022-01-30 06:39:05,66.5,25.7167,13.41,85,100,12.66
510,Kjopsvik,NO,2022-01-30 06:39:06,68.097,16.3742,28.17,78,100,6.76
511,Aginskoye,RU,2022-01-30 06:39:06,51.1,114.53,4.33,81,11,9.22
512,Saldanha,ZA,2022-01-30 06:36:53,-33.0117,17.9442,66.25,67,0,11.03
513,Waingapu,ID,2022-01-30 06:39:06,-9.6567,120.2641,87.08,62,87,16.73
514,Amalapuram,IN,2022-01-30 06:39:07,16.5833,82.0167,82.78,34,43,4.7
515,Simao,CN,2022-01-30 06:39:07,22.7886,100.9748,69.08,30,0,6.89
516,San Cristobal,VE,2022-01-30 06:39:07,7.7669,-72.225,62.96,89,59,3.51
517,Cururupu,BR,2022-01-30 06:39:07,-1.8283,-44.8683,72.23,97,100,2.71
518,Niono,ML,2022-01-30 06:39:08,14.2526,-5.993,66.81,17,100,10.33
519,Bronnoysund,NO,2022-01-30 06:39:08,65.4625,12.1997,33.8,86,75,27.63
520,Fenoarivo,MG,2022-01-30 06:34:58,-18.933,47.4354,71.67,68,40,3.44
521,Villa Maria,AR,2022-01-30 06:39:08,-32.4075,-63.2402,60.82,87,0,7.34
522,Ucluelet,CA,2022-01-30 06:39:09,48.9329,-125.5528,44.1,92,100,4.0
523,Bakchar,RU,2022-01-30 06:35:33,57.0186,82.0711,12.63,86,92,6.15
524,Bandrele,YT,2022-01-30 06:39:09,-12.9067,45.1914,85.75,74,0,3.44
525,Eydhafushi,MV,2022-01-30 06:39:09,5.1033,73.0708,82.54,68,53,11.81
526,Cartagena,CO,2022-01-30 06:36:44,10.3997,-75.5144,76.62,78,0,6.91
527,Penzance,GB,2022-01-30 06:38:02,50.1186,-5.5371,47.41,76,48,5.08
528,Birin,NP,2022-01-30 06:39:09,26.8865,88.0718,49.64,60,62,5.08
529,Clyde River,CA,2022-01-30 06:39:10,70.4692,-68.5914,-16.37,69,75,4.61
530,Pandan,PH,2022-01-30 06:39:10,14.0453,124.1694,84.31,68,10,3.58
531,Kota Kinabalu,MY,2022-01-30 06:39:10,5.9749,116.0724,89.58,70,20,6.91
532,Ahuimanu,US,2022-01-30 06:39:10,21.4447,-157.8378,73.45,73,0,6.91
533,Wadi,IN,2022-01-30 06:39:11,17.0667,76.9833,81.64,18,60,3.44
534,Bahir Dar,ET,2022-01-30 06:39:11,11.5936,37.3908,72.84,46,3,3.69
